"id","category","prompt","result_sources","bright_urls","labrador_urls","oxylabs_urls","serp_urls","bing_urls","other_sources","notes"
"1","Breaking/Real-time news","What happened in the stock market today?","labrador; bright","https://www.investopedia.com/stock-market-today-dow-jones-s-and-p-500-06032026-11989822?utm_source=chatgpt.com | https://www.investopedia.com/stock-market-today-dow-jones-s-and-p-500-06022026-11988714?utm_source=chatgpt.com | https://www.merriam-webster.com/dictionary/global?utm_source=chatgpt.com | https://dictionary.cambridge.org/dictionary/english/global?utm_source=chatgpt.com | https://www.advisorperspectives.com/dshort/updates/2026/06/22/world-markets-watchlist-june-22-2026?utm_source=chatgpt.com | https://finance.yahoo.com/markets/world-indices/articles/major-us-stock-indexes-fared-202428483.html?utm_source=chatgpt.com | https://finance.yahoo.com/markets/world-indices/?utm_source=chatgpt.com | https://finance.yahoo.com/markets/stocks/articles/major-us-stock-indexes-fared-201832062.html?utm_source=chatgpt.com | https://globalgoals.org/?utm_source=chatgpt.com | https://www.reuters.com/business/wall-street-futures-subdued-focus-shifts-fed-spacex-jumps-third-day-2026-06-16/?utm_source=chatgpt.com | https://globle-game.com/?utm_source=chatgpt.com | https://in.investing.com/indices/major-indices?utm_source=chatgpt.com | https://www.global-e.com/?utm_source=chatgpt.com | https://tradingeconomics.com/united-states/stock-market?utm_source=chatgpt.com | https://tradingeconomics.com/stocks?utm_source=chatgpt.com | https://www.londonstockexchange.com/?utm_source=chatgpt.com | https://www.marketwatch.com/market-data/us?eafs_enabled=false&utm_source=chatgpt.com | https://www.marketwatch.com/livecoverage/stock-market-today-dow-jones-s-p-500-nasdaq-oil-prices-us-iran-peace-deal-strait-of-hormuz?utm_source=chatgpt.com | https://www.dictionary.com/browse/global?utm_source=chatgpt.com | https://www.youtube.com/watch?v=-mkDoCN-3jo&utm_source=chatgpt.com | https://en.wikipedia.org/wiki/Global?utm_source=chatgpt.com | https://in.tradingview.com/markets/indices/?utm_source=chatgpt.com | https://www.icicidirect.com/share-market-today/global-indices?utm_source=chatgpt.com | https://www.igi-global.com/dictionary/creative-accelerated-problem-solving-caps-for-advancing-business-performance/12206?utm_source=chatgpt.com","https://m.economictimes.com/markets/stocks/news/why-is-market-rising-today-sensex-soars-800-points-nifty-above-24250-key-factors-powering-d-street-bulls/articleshow/131985817.cms?utm_source=chatgpt.com | https://apnews.com/article/18741e4dabafb7a44b41231159f10599?utm_source=chatgpt.com | https://www.wsj.com/livecoverage/stock-market-today-dow-sp-500-nasdaq-06-25-2026/card/apple-stock-drops-6-with-concern-building-over-price-increases-8NiA3CjEGUgujLvETsdt?utm_source=chatgpt.com","","","","",""
"2","Breaking/Real-time news","Latest updates on the Federal Reserve interest rate decision","bright; oxylabs; labrador","https://polymarket.com/event/fed-decision-in-june-825?utm_source=chatgpt.com | https://www.reuters.com/business/warsh-led-fed-expected-hold-interest-rates-steady-2026-06-17/?utm_source=chatgpt.com | https://www.youtube.com/watch?v=XB3dZK4LQ7c&utm_source=chatgpt.com | https://www.advisorperspectives.com/dshort/updates/2026/06/18/feds-interest-rate-decision-june-17-2026?utm_source=chatgpt.com | https://www.theguardian.com/business/2026/jun/17/federal-reserve-interest-rates?utm_source=chatgpt.com | https://www.federalreserve.gov/newsevents/pressreleases/monetary20260617a.htm?utm_source=chatgpt.com | https://www.federalreserve.gov/monetarypolicy/fomccalendars.htm?utm_source=chatgpt.com","https://www.investopedia.com/pce-inflation-report-may-12006400?utm_source=chatgpt.com | https://www.wsj.com/buyside/personal-finance/mortgage/mortgage-rates-today-6-25-2026?utm_source=chatgpt.com | https://www.reuters.com/markets/us/feds-williams-inflation-still-too-high-rate-policy-well-positioned-lower-price-2026-06-25/?utm_source=chatgpt.com | https://www.axios.com/2026/06/25/inflation-consumer-spending-interest-rates?utm_source=chatgpt.com","https://global.morningstar.com/en-nd/economy/will-new-us-fed-chair-kevin-warsh-raise-interest-rates-this-year?utm_source=chatgpt.com | https://www.deloitte.com/us/en/insights/topics/economy/global-economic-outlook/weekly-update.html?utm_source=chatgpt.com | https://www.investopedia.com/what-to-expect-from-june-fed-decision-flat-interest-rates-and-new-direction-11996530?utm_source=chatgpt.com | https://www.usbank.com/investing/financial-perspectives/market-news/federal-reserve-interest-rate.html?utm_source=chatgpt.com | https://www.wsj.com/economy/central-banking/federal-reserve-interest-rate-decision-bd700510?utm_source=chatgpt.com","","","",""
"3","Breaking/Real-time news","Who won the game last night?","bright","https://www.olympics.com/en/news/fifa-world-cup-2026-every-match-result-thursday-25-june-live-scores?utm_source=chatgpt.com | https://www.investing.com/news/stock-market-news/why-is-kioxia-stock-surging-today-93CH-4759578?utm_source=chatgpt.com | https://www.cbssports.com/soccer/news/usmnt-vs-turkiye-live-updates-world-cup-2026-score-results/live/?utm_source=chatgpt.com | https://sports.yahoo.com/soccer/article/2026-world-cup-results-standings-and-schedule-live-scores-group-stage-updates-and-how-to-watch-050724193.html?utm_source=chatgpt.com | https://sports.yahoo.com/soccer/live/usa-vs-turkiye-score-live-updates-usmnt-finishes-group-play-before-knockout-match-with-bosnia-and-herzegovina-003000670.html?utm_source=chatgpt.com | https://sports.yahoo.com/soccer/live/world-cup-live-updates-scores-schedule-results-group-a-group-b-group-c-195336732.html?utm_source=chatgpt.com | https://plaintextsports.com/all/2026-06-25/?utm_source=chatgpt.com | https://www.aljazeera.com/sports/2026/6/26/japan-draw-1-1-with-sweden-at-world-cup-to-finish-second-in-group-f?utm_source=chatgpt.com | https://www.livescore.com/en/football/2026-06-25/?utm_source=chatgpt.com | https://www.espn.co.uk/football/story/_/id/49172732/world-cup-2026-today-blog-25-06-2026-live-updates-news-fixtures-schedule-results-scotland-brazil-ecuador-germany-japan-sweden?utm_source=chatgpt.com | https://www.foxnews.com/sports/fifa-world-cup-2026-schedule-results?utm_source=chatgpt.com | https://www.foxsports.com.au/football/fifa-world-cup-2026-matchday-8-live-blog-scores-and-results-highlights-canada-vs-qatar-mexico-vs-south-korea-czechia-vs-south-africa-switzerland-vs-bosnia-and-herzegovina/news-story/8542816db3ca9d41fad91002ae09cd90?utm_source=chatgpt.com | https://www.youtube.com/channel/UChDKyKQ59fYz3JO2fl0Z6sg?utm_source=chatgpt.com | https://en.wikipedia.org/wiki/Today_%28American_TV_program%29?utm_source=chatgpt.com | https://www.sportinglife.com/football/fixtures-results/yesterday?utm_source=chatgpt.com | https://www.facebook.com/today/?utm_source=chatgpt.com | https://dictionary.cambridge.org/dictionary/english/today?utm_source=chatgpt.com","","","","","",""
"4","Breaking/Real-time news","Current weather alerts for Florida","bright; oxylabs","https://www.facebook.com/GilchristCountyEmergencyManagement/posts/%EF%B8%8F-tropical-weather-update-june-15-2026-%EF%B8%8Femergency-management-officials-are-monit/1322491653321390/?utm_source=chatgpt.com | https://www.wflx.com/2026/06/24/fox29-first-alert-weather-forecast-june-24-2026/?utm_source=chatgpt.com | https://www.nbcmiami.com/video/weather/video-weather/nbc6-first-alert-forecast-june-24-2026-morning/3825089/?utm_source=chatgpt.com | https://www.nbcmiami.com/video/weather/nbc6-first-alert-forecast-june-23-2026-evening/3824959/?utm_source=chatgpt.com | https://www.nbcmiami.com/video/weather/first-alert-forecast-midday-june-23-2026/3824696/?utm_source=chatgpt.com | https://www.youtube.com/watch?v=I4F6VNejaUk&utm_source=chatgpt.com | https://www.instagram.com/reel/DZDYoJuJ22K/?utm_source=chatgpt.com | https://www.instagram.com/p/DZxcuyjRg0j/?utm_source=chatgpt.com | https://data.tcpalm.com/severe-weather-alerts-warnings-watches/detail/heat-advisory-2026-06-13-0000000000/9999-17812597800-17813088000-ctp-ht-y-con-paz064/?utm_source=chatgpt.com | https://www.accuweather.com/en/us/orlando/32801/june-weather/328169?utm_source=chatgpt.com | https://www.floridadisaster.org/weather/?utm_source=chatgpt.com","","https://www.wesh.com/article/temperatures-rise-drastically-heat-central-florida/71560800?utm_source=chatgpt.com | https://www.cbsnews.com/miami/news/south-florida-weather-forecast-miami-fort-lauderdale-miami-dade-broward-june-17-2026/?utm_source=chatgpt.com | https://www.clickorlando.com/weather/2026/06/24/live-radar-severe-thunderstorms-moving-trough-central-florida/?utm_source=chatgpt.com","","","",""
"5","Breaking/Real-time news","Breaking news about the tech layoffs this week","oxylabs; bright","https://www.theverge.com/tech?utm_source=chatgpt.com | https://en.wikipedia.org/wiki/Tech?utm_source=chatgpt.com | https://www.merriam-webster.com/dictionary/tech?utm_source=chatgpt.com | https://www.instagram.com/technology/?hl=en&utm_source=chatgpt.com | https://tech.economictimes.indiatimes.com/?utm_source=chatgpt.com","","https://www.businessinsider.com/recent-company-layoffs-laying-off-workers-2026?utm_source=chatgpt.com | https://techcrunch.com/2026/06/22/the-running-list-major-tech-layoffs-in-2026-where-employers-cited-ai/?utm_source=chatgpt.com | https://www.escudodigital.com/en/technology/artificial-intelligence/google-announces-ffresh-layoffs-deepening-tech-industry-turmoil.html?utm_source=chatgpt.com | https://intellizence.com/insights/layoff-downsizing/major-companies-that-announced-mass-layoffs/?utm_source=chatgpt.com | https://timesofindia.indiatimes.com/technology/tech-news/oracle-layoffs-company-confirms-how-many-employees-received-email-from-oracle-leadership-at-6am-saying-that-we-have-made-the-decision-to-eliminate-your-role-as/articleshow/131930070.cms?utm_source=chatgpt.com","","","",""
"6","Breaking/Real-time news","What's the latest on the Israel-Gaza ceasefire talks?","bright; oxylabs","https://www.aljazeera.com/news/liveblog/2026/6/26/iran-war-live-israel-attacks-lebanon-as-netanyahu-says-troops-to-stay?utm_source=chatgpt.com | https://www.aljazeera.com/where/israel/?utm_source=chatgpt.com | https://timesofindia.indiatimes.com/videos/international/lovely-country-of-iran-trump-flips-script-drops-bombshell-on-israel-americans-watch/videoshow/132005657.cms?utm_source=chatgpt.com | https://www.al-monitor.com/originals/2026/06/analysis-vance-rubio-strike-different-tone-iran-and-israel?utm_source=chatgpt.com | https://www.indiatoday.in/history-of-it/story/israel-news-nazi-germany-weapons-mauser-kar-98k-1948-arab-israel-war-czechoslovakia-arms-smuggling-2934170-2026-06-26?utm_source=chatgpt.com | https://en.wikipedia.org/wiki/Israel?utm_source=chatgpt.com | https://www.britannica.com/place/Israel?utm_source=chatgpt.com | https://www.timesofisrael.com/?utm_source=chatgpt.com | https://kids.nationalgeographic.com/geography/countries/article/israel?utm_source=chatgpt.com | https://www.youtube.com/user/israel?utm_source=chatgpt.com | https://embassies.gov.il/the-kingdom-of-bahrain/en/the-embassy/https-embassiesgovil-manama-aboutisrael-pages-about-israelaspx?utm_source=chatgpt.com | https://www.theguardian.com/world/israel?utm_source=chatgpt.com | https://www.ariel.ac.il/wp/au-international/visitor-guide/about-israel/?utm_source=chatgpt.com","","https://www.al-monitor.com/originals/2026/06/israel-kills-five-gaza-egypt-hosts-new-ceasefire-talks?utm_source=chatgpt.com | https://anewz.tv/region/middle-east/20685/idf-kills-four-in-gaza-as-ceasefire-talks-continue-in-cairo/news?utm_source=chatgpt.com | https://www.aa.com.tr/en/middle-east/israel-prepares-for-possible-gaza-offensive-as-ceasefire-talks-continue-report/3962382?utm_source=chatgpt.com | https://www.aa.com.tr/en/middle-east/hamas-says-cairo-talks-begin-on-gaza-ceasefire-implementation/3958631?utm_source=chatgpt.com | https://www.newarab.com/news/gaza-ceasefire-talks-return-square-one-amid-escalation-fears?amp=&utm_source=chatgpt.com | https://www.chinadailyhk.com/hk/article/635430?utm_source=chatgpt.com | https://www.aljazeera.com/news/2026/6/23/demand-for-tunnel-maps-and-family-arms-tests-gaza-talks?utm_source=chatgpt.com | https://www.reuters.com/world/middle-east/israel-kills-five-gaza-egypt-hosts-new-ceasefire-talks-2026-06-07/?utm_source=chatgpt.com | https://www.aa.com.tr/en/middle-east/palestinian-factions-mediators-resume-cairo-talks-on-next-phase-of-gaza-ceasefire/3959262?utm_source=chatgpt.com","","","",""
"7","Breaking/Real-time news","Election results from yesterday's primary","labrador; bright","https://www.270towin.com/content/2026-primary-results-by-state?utm_source=chatgpt.com | https://ballotpedia.org/Election_results%2C_2026?utm_source=chatgpt.com | https://www.foxnews.com/elections/2026/primary-results?utm_source=chatgpt.com | https://www.multistate.us/elections/special-elections-2026.html?utm_source=chatgpt.com | https://www.youtube.com/watch?v=uCLvX9Tv6hU&utm_source=chatgpt.com | https://cawp.rutgers.edu/blog/results-march-3rd-primaries-arkansas-north-carolina-and-texas?utm_source=chatgpt.com","https://en.wikipedia.org/wiki/2026_United_States_electoral_calendar?utm_source=chatgpt.com | https://www.reuters.com/world/us/new-york-mayor-mamdani-endorsements-test-democrats-appetite-far-left-candidates-2026-06-23/?utm_source=chatgpt.com | https://www.reuters.com/world/us/mamdanis-power-play-kennedys-tiktoks-four-things-watch-tuesdays-primaries-2026-06-23/?utm_source=chatgpt.com","","","","",""
"8","Breaking/Real-time news","Any updates on the airline strike?","bright","https://myflyright.com/blog/june-and-july-airport-and-airline-strikes-in-europe/?utm_source=chatgpt.com | https://www.traveltourister.com/news/europe-summer-strike-season-june-2026-spain-france-italy-belgium-ryanair-easyjet-ba-lufthansa/?utm_source=chatgpt.com | https://www.instagram.com/p/DZfudYoF5dG/?utm_source=chatgpt.com | https://irreg.lufthansaexperts.com/en/current-news.html?utm_source=chatgpt.com | https://deeparrival.com/news/italy-airport-strikes-summer-2026/?utm_source=chatgpt.com | https://www.airhelp.com/en-int/flight-disruptions/italy-airport-strike-669-flights-rome-milan-venice-pisa-21062026/?utm_source=chatgpt.com | https://www.facebook.com/skyscanner/videos/heres-a-list-of-the-strikes-affecting-european-airports-this-summer-and-what-you/1942898479877104/?utm_source=chatgpt.com","","","","","",""
"9","Breaking/Real-time news","What's trending on Twitter/X right now?","bright; oxylabs","https://trends24.in/?utm_source=chatgpt.com | https://trends.cyberkendra.com/?utm_source=chatgpt.com | https://x.com/explore?lang=en&utm_source=chatgpt.com | https://x.com/TweetsSupportin?lang=en&utm_source=chatgpt.com | https://xtrends.iamrohit.in/?utm_source=chatgpt.com | https://trends24.in/philippines/?utm_source=chatgpt.com | https://www.twitter-trending.com/worldwide/en?utm_source=chatgpt.com | https://www.youtube.com/watch?v=lfwstd4ueus&utm_source=chatgpt.com | https://onclusive.com/resources/blog/x-twitter-statistics-2026/?utm_source=chatgpt.com | https://www.askdavetaylor.com/how-to-follow-trending-topics-on-twitter-x/?utm_source=chatgpt.com","","https://www.moneycontrol.com/news/business/musk-starts-expanding-x-payments-to-more-users-after-delay-13959158.html/amp?utm_source=chatgpt.com | https://www.moneycontrol.com/entertainment/welcome-to-the-jungle-twitter-review-netizens-call-akshay-kumar-s-comedy-illogical-yet-entertaining-others-find-it-too-chaotic-article-13959240.html?utm_source=chatgpt.com | https://nationaltoday.com/social-media-day/?utm_source=chatgpt.com | https://timesofindia.indiatimes.com/entertainment/hindi/bollywood/news/welcome-to-jungle-twitter-review-netizens-hail-akshay-kumar-suniel-shetty-starrer-call-it-brain-rot-family-entertainer/articleshow/132007942.cms?utm_source=chatgpt.com | https://timesofindia.indiatimes.com/entertainment/malayalam/movies/news/ananthan-kaadu-twitter-review-netizens-praise-aryas-performance-murali-gopys-writing-impresses/articleshow/132005351.cms?utm_source=chatgpt.com | https://explodingtopics.com/blog/tiktok-trends?utm_source=chatgpt.com | https://explodingtopics.com/blog/trending-youtube-topics?utm_source=chatgpt.com | https://m.economictimes.com/magazines/panache/welcome-to-the-jungle-twitter-review-7-tweets-you-must-read-before-watching-akshay-kumar-suniel-shetty-paresh-rawals-comedy-movie/articleshow/132005955.cms?utm_source=chatgpt.com | https://www.brandwatch.com/blog/5-social-media-news-stories-you-need-to-read-this-week/?utm_source=chatgpt.com | https://www.pinkvilla.com/entertainment/south/ananthan-kaadu-twitter-review-9-tweets-to-read-before-watching-arya-murali-gopy-starrer-action-thriller-1403942?utm_source=chatgpt.com | https://www.ncaa.com/live-updates/softball/d1/texas-softball-repeats-wins-2026-womens-college-world-series-title?utm_source=chatgpt.com | https://www.deseret.com/sports/2026/06/15/why-everyone-loves-freddy-the-german-soccer-fan/?utm_source=chatgpt.com | https://www.hindustantimes.com/world-news/yair-netanyahu-twitter-son-last-post-date-fuels-rumors-about-israel-pm-benjamin-netanyahus-death-is-he-alive-iran-x-101773514994674.html?utm_source=chatgpt.com | https://coindcx.com/blog/crypto-news-global/usor-crypto-trends-u-s-oil-trump-blackrock/?utm_source=chatgpt.com | https://www.abs-cbn.com/entertainment/studios/music/2026/4/18/bini-caps-coachella-2026-chapter-with-landmark-performance-set-1053?utm_source=chatgpt.com | https://www.11alive.com/article/sports/soccer/world-cup/freddyla7-twitter-world-cup-travels/507-4684f717-7617-417a-82e2-e285d835e135?utm_source=chatgpt.com","","","",""
"10","Breaking/Real-time news","Latest earthquake reports today","bright; oxylabs","https://www.volcanodiscovery.com/earthquakes/today.html?utm_source=chatgpt.com | https://earthquake.usgs.gov/earthquakes/browse/significant.php?utm_source=chatgpt.com | https://www.wvi.org/publications/venezuela-crisis/venezuela-earthquake-overview-june-26-2026?utm_source=chatgpt.com | https://www.instagram.com/reel/DZ_3aSyiG-g/?utm_source=chatgpt.com | https://en.wikipedia.org/wiki/List_of_earthquakes_in_2026?utm_source=chatgpt.com","","https://timesofindia.indiatimes.com/world/rest-of-world/venezuela-quake-leaves-235-dead-thousands-feared-trapped-under-rubble-as-rescue-efforts-intensify/articleshow/132005572.cms?utm_source=chatgpt.com | https://m.economictimes.com/news/international/world-news/venezuela-to-tap-imf-reserve-assets-for-quake-reconstruction-bloomberg-news-reprots/amp_articleshow/132000852.cms?utm_source=chatgpt.com | https://www.straitstimes.com/world/international-aid-heads-to-venezuela-after-deadly-earthquake?ref=latest&utm_source=chatgpt.com | https://www.nst.com.my/amp/world/world/2026/06/1473164/international-aid-heads-venezuela-after-deadly-earthquake?utm_source=chatgpt.com | https://www.juneesoutherncross.com.au/story/9299584/international-aid-heads-to-venezuela-after-deadly-quake/?utm_source=chatgpt.com","","","",""
"11","Evergreen factual/encyclopedic","What is the capital of Kazakhstan?","","","","","","","","no_sources_found"
"12","Evergreen factual/encyclopedic","Explain how photosynthesis works","","","","","","","","no_sources_found"
"13","Evergreen factual/encyclopedic","Who wrote ""One Hundred Years of Solitude""?","","","","","","","","no_sources_found"
"14","Evergreen factual/encyclopedic","What is the difference between a virus and a bacterium?","","","","","","","","no_sources_found"
"15","Evergreen factual/encyclopedic","History of the Roman Empire's fall","","","","","","","","no_sources_found"
"16","Evergreen factual/encyclopedic","What causes the northern lights?","","","","","","","","no_sources_found"
"17","Evergreen factual/encyclopedic","Define quantum entanglement","","","","","","","","no_sources_found"
"18","Evergreen factual/encyclopedic","When did World War I end?","","","","","","","","no_sources_found"
"19","Evergreen factual/encyclopedic","What is the Pythagorean theorem used for?","","","","","","","","no_sources_found"
"20","Evergreen factual/encyclopedic","Explain the water cycle","","","","","","","","no_sources_found"
"21","Product reviews/buying guides","Best running shoes for flat feet 2025","bright","https://www.bestundertaking.net/?utm_source=chatgpt.com | https://runrepeat.com/guides/best-flat-feet-running-shoes?utm_source=chatgpt.com | https://www.youtube.com/watch?v=sry_J62sIxA&utm_source=chatgpt.com | https://www.youtube.com/watch?v=FYZfZRidI5o&utm_source=chatgpt.com | https://www.doctorsofrunning.com/2023/06/monday-shakeout-shoes-for-flat-feet.html?utm_source=chatgpt.com | https://www.doctorsofrunning.com/p/guide-to-stability-running-shoes-2021.html?utm_source=chatgpt.com | https://www.runnersworld.com/gear/a25750345/running-shoes-flat-feet/?utm_source=chatgpt.com | https://www.solereview.com/best-running-shoes-for-heavy-runners/?utm_source=chatgpt.com | https://www.solereview.com/best-running-shoes-for-flat-feet/?utm_source=chatgpt.com | https://weartesters.com/best-running-shoes-for-flat-feet/?utm_source=chatgpt.com | https://www.fleetfeet.com/running-shoe-buyers-guide?srsltid=AfmBOorU8YUyv83DW98MiljDUDklxxVERT8fzGe-4luVPJ5YbmSEzZeZ&utm_source=chatgpt.com | https://www.wagnersrunwalk.com/walk-this-way/2025/1/28/the-ultimate-guide-to-the-best-running-shoes-for-flat-feet-2025-edition?utm_source=chatgpt.com | https://www.shape.com/best-hoka-shoes-for-flat-feet-8770702?utm_source=chatgpt.com | https://flawlessshoereviews.com/shoe-guides/best-shoes-for-flat-feet/?utm_source=chatgpt.com | https://www.newbalance.co.uk/running-advice/equipment/guides/best-running-shoes-for-flat-feet/?utm_source=chatgpt.com | https://runtothefinish.com/flat-feet-running-shoes/?utm_source=chatgpt.com | https://www.scribd.com/document/849359807/14-Best-Running-Shoes-for-Flat-Feet-in-2025-According-to-GQ-GQ?utm_source=chatgpt.com | https://www.runnersworld.com/gear/a20865766/best-stability-running-shoes/?utm_source=chatgpt.com | https://www.runweekly.com/best-running-shoes-for-flat-feet/?utm_source=chatgpt.com","","","","","",""
"22","Product reviews/buying guides","Top rated wireless earbuds under $100","bright","https://www.scarbir.com/guide/best-tws-under-100?utm_source=chatgpt.com | https://www.scarbir.com/guide/best-cheap-tws-with-anc?utm_source=chatgpt.com | https://www.rtings.com/headphones/reviews/best/wireless-earbuds?utm_source=chatgpt.com | https://www.soundguys.com/best-wireless-earbuds-under-100-20397/?utm_source=chatgpt.com | https://www.whathifi.com/best-buys/best-wireless-earbuds-budget-and-premium?utm_source=chatgpt.com | https://www.whathifi.com/best-buys/best-cheap-wireless-earbuds?utm_source=chatgpt.com | https://www.youtube.com/watch?v=h7q_oIuoK-k&utm_source=chatgpt.com | https://www.youtube.com/watch?v=Vo8mmwH7Ir8&utm_source=chatgpt.com | https://www.youtube.com/watch?v=PB9CVX5pjS8&utm_source=chatgpt.com | https://www.youtube.com/watch?v=Tyrv5Xw5LZs&utm_source=chatgpt.com | https://www.techradar.com/best/the-best-budget-wireless-earbuds?utm_source=chatgpt.com | https://www.rtings.com/headphones/reviews/best/wireless-bluetooth-earbuds-under-100?utm_source=chatgpt.com","","","","","",""
"23","Product reviews/buying guides","Which laptop is best for video editing?","bright","https://refurbo.in/blogs/video-editor-laptop-buying-guide-2026?utm_source=chatgpt.com | https://www.rtings.com/laptop/reviews/best/by-usage/video-editing?utm_source=chatgpt.com | https://www.reddit.com/r/BuyItForLife/comments/1t9plwm/the_best_laptops_for_video_editing_as_of_2026/?utm_source=chatgpt.com | https://www.smartprix.com/laptops/best-video-editing-laptops-list?utm_source=chatgpt.com | https://www.youtube.com/watch?v=nsg33HAw748&utm_source=chatgpt.com | https://www.youtube.com/watch?v=1GDK94HAqHg&utm_source=chatgpt.com | https://www.videomaker.com/buyers-guide/mobile-workstation-buyers-guide/?utm_source=chatgpt.com | https://iamprasadtech.com/best-laptops-for-content-creators-in-india/?utm_source=chatgpt.com","","","","","",""
"24","Product reviews/buying guides","Best mattress for back pain","bright","https://www.mattressclarity.com/reviews/best-mattresses-for-back-pain/?utm_source=chatgpt.com | https://www.bestundertaking.net/?utm_source=chatgpt.com | https://health.yahoo.com/wellness/sleep/mattresses/article/best-mattresses-for-back-pain-172017356.html?utm_source=chatgpt.com | https://naplab.com/best-mattress/?utm_source=chatgpt.com | https://mysleepwell.com/blog-details/the-best-mattress-for-back-pain-in-india-2026-expert-buying-guide/711?utm_source=chatgpt.com | https://eachnight.com/mattress-guides/best-mattress-for-back-pain/?utm_source=chatgpt.com | https://www.forbes.com/sites/forbes-personal-shopper/article/best-mattress-for-back-pain/?utm_source=chatgpt.com | https://www.youtube.com/watch?v=aXiyQbo4oU0&utm_source=chatgpt.com | https://www.youtube.com/watch?v=LulajUYR5Sc&vl=en&utm_source=chatgpt.com | https://www.ncoa.org/product-resources/sleep/best-mattress-for-neck-pain/?utm_source=chatgpt.com | https://kurlon.com/collections/back-support?utm_source=chatgpt.com | https://www.sleepadvisor.org/best-mattresses-for-back-pain/?utm_source=chatgpt.com | https://www.wired.com/gallery/best-back-pain-mattress/?utm_source=chatgpt.com | https://www.sleepyhug.in/blogs/mattress-for-indian-season?srsltid=AfmBOoqVNSXoHE_fzbAUsPP7lJtct_Mcd_a4M8tTADETexj5WFx3iBiV&utm_source=chatgpt.com | https://www.sleepfoundation.org/best-mattress/best-mattress-for-back-pain?utm_source=chatgpt.com | https://www.wakefit.co/mattress/mattress-for-back-pain?srsltid=AfmBOoqzrBjb0mVa1eNMMgVPvAklzly7CU9d6Pm2EmtVKCXucFYD8C-0&utm_source=chatgpt.com","","","","","",""
"25","Product reviews/buying guides","Compare iPhone 16 vs Samsung Galaxy S25","bright","https://www.phonearena.com/phones/compare/Apple-iPhone-16%2CSamsung-Galaxy-S25/phones/12240%2C12340?utm_source=chatgpt.com | https://www.91mobiles.com/compare/Samsung/Galaxy%2BS25/vs/Apple/iPhone%2B16.html?utm_source=chatgpt.com | https://themobileindian.com/news/in-depth-comparison-samsung-galaxy-s25-and-apple-iphone-16?utm_source=chatgpt.com | https://www.phonebot.com.au/blog/samsung-galaxy-s25-vs-iphone-16?srsltid=AfmBOopaEsvpCDuUF_K7TAfxVphAc47Z7ymktuH1HtRVnUA0SWP6LZmc&utm_source=chatgpt.com | https://gadgetsnow.indiatimes.com/compare-mobile-phones/apple-iphone-16-vs-samsung-galaxy-s25?utm_source=chatgpt.com | https://www.smartprix.com/mobiles/apple_iphone_16_vs_samsung_galaxy_s25_5g-cpd1rbi06dkt_pd10ss8kmvt.php?utm_source=chatgpt.com | https://www.techradar.com/phones/samsung-galaxy-s25-vs-iphone-16?utm_source=chatgpt.com","","","","","",""
"26","Product reviews/buying guides","Best budget air fryers reviewed","bright","https://www.cookingwithsiddhi.com/best-air-fryer-india/?utm_source=chatgpt.com | https://www.rtings.com/air-fryer/reviews/best/budget-cheap?utm_source=chatgpt.com | https://www.bestundertaking.net/?utm_source=chatgpt.com | https://www.foodandwine.com/lifestyle/kitchen/best-air-fryer?utm_source=chatgpt.com | https://www.merriam-webster.com/dictionary/best?utm_source=chatgpt.com | https://www.seriouseats.com/best-air-fryer-6824732?utm_source=chatgpt.com | https://dictionary.cambridge.org/dictionary/english/best?utm_source=chatgpt.com | https://www.youtube.com/watch?v=KIPIHG7XfUU&vl=en-IN&utm_source=chatgpt.com | https://www.youtube.com/watch?v=CjK7SFyM3uo&utm_source=chatgpt.com | https://www.youtube.com/watch?v=LJodgVOPaDc&utm_source=chatgpt.com | https://www.youtube.com/watch?v=g0pyz9fqySQ&utm_source=chatgpt.com | https://www.bestundertaking.co/?utm_source=chatgpt.com | https://www.reliancedigital.in/c/resource-center/bg/top-10-air-fryers-for-indian-cooking?utm_source=chatgpt.com | https://www.veganfoodandliving.com/features/best-air-fryer/?utm_source=chatgpt.com | https://www.theenglishhome.co.uk/buyers-guide/shopping/best-air-fryers/?utm_source=chatgpt.com | https://www.rtings.com/air-fryer/reviews/best/air-fryers?utm_source=chatgpt.com | https://www.bestkharido.in/best-air-fryer-in-india-buying-guide/?utm_source=chatgpt.com","","","","","",""
"27","Product reviews/buying guides","Top-rated robot vacuums this year","bright","https://vacuumwars.com/best-may-2026-robot-vacuums/?utm_source=chatgpt.com | https://vsctimes.com/best-robot-vacuum-cleaners-india/?utm_source=chatgpt.com | https://www.thesmarthomehookup.com/2026-ultimate-robot-vacuum-and-mop-comparison/?utm_source=chatgpt.com | https://www.youtube.com/watch?v=IdzMd_hqBkQ&vl=en-IN&utm_source=chatgpt.com | https://www.youtube.com/watch?v=6D6Dzv7701U&utm_source=chatgpt.com | https://www.youtube.com/watch?v=cu_2Zjx7570&vl=en-IN&utm_source=chatgpt.com | https://vacuumwars.com/vacuum-wars-best-robot-vacuums/?utm_source=chatgpt.com","","","","","",""
"28","Product reviews/buying guides","Best hiking backpacks for beginners","bright","https://brookebeyond.com/best-backpacks?utm_source=chatgpt.com | https://www.thegreatoutdoorsmag.com/gear-guides/best-hiking-backpacks/?utm_source=chatgpt.com | https://www.cleverhiker.com/backpacking/best-backpacking-backpacks/?utm_source=chatgpt.com | https://www.merriam-webster.com/dictionary/best?utm_source=chatgpt.com | https://dictionary.cambridge.org/dictionary/english/best?utm_source=chatgpt.com | https://www.thegreatoutdoorsmag.com/gear-guides/best-backpacking-packs/?utm_source=chatgpt.com | https://www.bestundertaking.net/?utm_source=chatgpt.com | https://www.outdoorgearlab.com/topics/camping-and-hiking/best-backpacks-backpacking?utm_source=chatgpt.com | https://www.youtube.com/watch?v=OLEWpSsbvyo&utm_source=chatgpt.com | https://www.youtube.com/watch?v=zJRwr0XmcBg&utm_source=chatgpt.com | https://www.youtube.com/watch?v=h--wPiHF3MY&utm_source=chatgpt.com | https://www.backpacker.com/gear/backpacks/best-backpacking-packs/?utm_source=chatgpt.com | https://www.backpacker.com/gear/backpacks/daypacks/best-day-hiking-packs/?utm_source=chatgpt.com | https://bikehikesafari.com/best-lightweight-hiking-backpacks/?utm_source=chatgpt.com | https://indiahikes.com/blog/top-trekking-backpacks-to-buy-in-india-best-brands?utm_source=chatgpt.com | https://www.collinsdictionary.com/dictionary/english/best?utm_source=chatgpt.com | https://www.packhacker.com/guide/best-travel-backpack/?utm_source=chatgpt.com | https://outdoorsmagic.com/article/best-backpacks-for-hiking/?utm_source=chatgpt.com | https://www.dictionary.com/browse/best?utm_source=chatgpt.com | https://www.indietraveller.co/best-backpacks-for-travel/?utm_source=chatgpt.com | https://bestundertaking.co/?utm_source=chatgpt.com | https://www.vocabulary.com/dictionary/best?utm_source=chatgpt.com | https://en.wikipedia.org/wiki/Best?utm_source=chatgpt.com","","","","","",""
"29","Product reviews/buying guides","Which is better, Dyson or Shark vacuums?","bright; labrador","https://www.uptownwithellybrown.com/blog/dyson-vs-shark-vacuum?utm_source=chatgpt.com | https://www.drivenbydecor.com/shark-vs-dyson-cordless-vacuum/?utm_source=chatgpt.com | https://www.reddit.com/r/VacuumCleaners/comments/1j5e2o6/choosing_between_dyson_and_shark_help/?utm_source=chatgpt.com | https://www.reddit.com/r/VacuumCleaners/comments/ywfdhb/dyson_cordless_vs_shark_cordless/?utm_source=chatgpt.com | https://moderncastle.com/vacuum-cleaners/shark-stratos-vs-dyson-v15-a-side-by-side-comparison/?utm_source=chatgpt.com | https://www.idealhome.co.uk/house-manual/cleaning/shark-vs-dyson-vacuums?utm_source=chatgpt.com | https://journeytowardsimple.com/cordless-vacuum-review-dyson-v8-animal-vs-shark-ionflex-2x-duoclean/?utm_source=chatgpt.com | https://www.youtube.com/watch?v=diYQcKzcPSM&utm_source=chatgpt.com | https://www.telegraph.co.uk/recommended/home/shark-versus-dyson-cordless-vacuum/?utm_source=chatgpt.com | https://www.choice.com.au/home-and-living/laundry-and-cleaning/vacuum-cleaners/articles/shark-vs-dyson-stick-vacuums?utm_source=chatgpt.com | https://vacuumwars.com/dyson-ball-animal-3-vs-shark-vertex/?utm_source=chatgpt.com | https://www.wired.com/story/cordless-stick-vacuum-comparison/?utm_source=chatgpt.com | https://www.designmorsels.com/shark-vs-dyson-cordless-vacuum-review/?utm_source=chatgpt.com | https://www.rtings.com/vacuum/learn/dyson-vs-shark?utm_source=chatgpt.com","https://www.realsimple.com/dyson-vs-shark-vacuum-review-8687624?utm_source=chatgpt.com | https://www.techradar.com/home/vacuums/the-best-vacuum-cleaners?utm_source=chatgpt.com | https://www.techradar.com/home/vacuums/the-best-shark-vacuum-cleaners-year?utm_source=chatgpt.com","","","","",""
"30","Product reviews/buying guides","Best electric toothbrush for sensitive teeth","bright","https://www.wired.com/story/the-best-electric-toothbrush-for-healthier-teeth-and-gums/?utm_source=chatgpt.com | https://stonecreekvillagedentistry.com/blog/electric-toothbrush/?utm_source=chatgpt.com | https://www.health.com/condition/oral-health/best-electric-toothbrush?utm_source=chatgpt.com | https://www.health.com/condition/oral-health/best-toothbrushes-receding-gums?utm_source=chatgpt.com | https://www.health.com/best-oral-b-electric-toothbrushes-7371190?utm_source=chatgpt.com | https://www.youtube.com/watch?v=AC-X6UpnASw&utm_source=chatgpt.com | https://www.youtube.com/watch?v=FsLV9z9xyeA&vl=en&utm_source=chatgpt.com | https://www.telegraph.co.uk/recommended/leisure/fitness/best-electric-toothbrushes/?utm_source=chatgpt.com | https://www.prevention.com/health/g71188010/best-electric-toothbrushes-guide/?utm_source=chatgpt.com | https://www.oral-b.co.in/en-in/learn/why-oral-b/electric-toothbrushes/best-electric-toothbrush?utm_source=chatgpt.com | https://www.forbes.com/sites/forbes-personal-shopper/article/best-electric-toothbrush/?utm_source=chatgpt.com | https://www.electricteeth.com/uk/best-electric-toothbrush/?utm_source=chatgpt.com | https://www.goodhousekeeping.com/health-products/g28818208/best-electric-toothbrush/?utm_source=chatgpt.com | https://www.theconsumers.guide/reviews/best-electric-toothbrushes-sensitive-teeth-2026?utm_source=chatgpt.com","","","","","",""
"31","Health/medical","What are the symptoms of vitamin D deficiency?","","","","","","","","no_sources_found"
"32","Health/medical","Is intermittent fasting safe for diabetics?","","","","","","","","no_sources_found"
"33","Health/medical","What's the recommended dosage of ibuprofen for adults?","","","","","","","","no_sources_found"
"34","Health/medical","Latest research on Alzheimer's treatment","bright; labrador","https://pmc.ncbi.nlm.nih.gov/articles/PMC12389568/?utm_source=chatgpt.com | https://www.nature.com/articles/s44386-026-00044-7?utm_source=chatgpt.com | https://www.uclahealth.org/news/article/new-drugs-transform-alzheimers-research?utm_source=chatgpt.com | https://www.medscape.com/viewarticle/therapeutic-research-alzheimers-disease-what-new-2026a10006bo?utm_source=chatgpt.com | https://www.dictionary.com/browse/current?utm_source=chatgpt.com | https://dictionary.cambridge.org/dictionary/english-chinese-traditional/latest?utm_source=chatgpt.com | https://en.wikipedia.org/wiki/Electric_current?utm_source=chatgpt.com | https://www.brightfocus.org/resource/expanding-the-alzheimers-treatment-landscape-a-2026-forecast/?utm_source=chatgpt.com | https://pmc.ncbi.nlm.nih.gov/articles/PMC12028297/?utm_source=chatgpt.com | https://www.explorationpub.com/Journals/en/Article/100648?utm_source=chatgpt.com | https://www.sciencealert.com/new-alzheimers-treatment-strategy-reverses-cognitive-decline-in-mice?utm_source=chatgpt.com | https://www.weforum.org/stories/2026/04/alzheimers-disease-breakthroughs-health/?utm_source=chatgpt.com | https://www.mayoclinic.org/diseases-conditions/alzheimers-disease/in-depth/alzheimers-treatments/art-20047780?utm_source=chatgpt.com | https://www.youtube.com/watch?v=uzA5_OWkSzM&utm_source=chatgpt.com | https://www.mdpi.com/1420-3049/29/21/5131?utm_source=chatgpt.com | https://cen.acs.org/pharmaceuticals/drug-discovery/Beyond-amyloid-Emerging-drug-targets/104/web/2026/02?utm_source=chatgpt.com | https://scitechdaily.com/breakthrough-alzheimers-drug-rewires-the-brain-instead-of-just-clearing-plaques/?utm_source=chatgpt.com","https://www.barrons.com/articles/alzheimers-drugs-brain-biotech-a26d24d8?utm_source=chatgpt.com | https://www.eatingwell.com/anti-inflammatory-foods-dementia-risk-study-12007181?utm_source=chatgpt.com | https://nypost.com/2026/06/25/health/which-diet-and-exact-foods-are-great-for-preventing-dementia-study/?utm_source=chatgpt.com | https://timesofindia.indiatimes.com/health/international-yoga-day-2026-aiims-study-suggests-the-practice-may-slow-cognitive-decline-in-alzheimers-patients/articleshow/131885636.cms?utm_source=chatgpt.com","","","","",""
"35","Health/medical","Side effects of common blood pressure medications","","","","","","","","no_sources_found"
"36","Health/medical","What causes chronic migraines?","","","","","","","","no_sources_found"
"39","Health/medical","Symptoms of seasonal allergies vs. a cold","","","","","","","","fatal: page.waitForTimeout: Target page, context or browser has been closed"
"42","Finance/business","Best high-yield savings accounts right now","labrador; bright","https://www.idfcfirst.bank.in/personal-banking/accounts/savings-account/interest-rate?utm_source=chatgpt.com | https://www.bestundertaking.net/?utm_source=chatgpt.com | https://www.investopedia.com/high-yield-savings-accounts-4770633?utm_source=chatgpt.com | https://www.forbes.com/financial-services/best-high-yield-savings-accounts/?utm_source=chatgpt.com | https://www.axis.bank.in/accounts/savings-account/savings-account-interest-rate?utm_source=chatgpt.com | https://www.hdfc.bank.in/savings-account/savings-interest-rate?utm_source=chatgpt.com | https://www.merriam-webster.com/dictionary/best?utm_source=chatgpt.com | https://dictionary.cambridge.org/dictionary/english/best?utm_source=chatgpt.com | https://bestundertaking.co/?utm_source=chatgpt.com | https://www.bankofamerica.com/deposits/bank-account-interest-rates/?utm_source=chatgpt.com | https://www.depositaccounts.com/savings/?utm_source=chatgpt.com | https://www.nerdwallet.com/banking/best/high-yield-online-savings-accounts?utm_source=chatgpt.com | https://www.policybazaar.com/savings-account/best-savings-accounts/?utm_source=chatgpt.com | https://www.youtube.com/watch?v=FZdy3Bc45yQ&utm_source=chatgpt.com | https://www.youtube.com/watch?v=6IYn_-5673A&vl=en&utm_source=chatgpt.com | https://apps.apple.com/in/app/mibest/id1403677924?utm_source=chatgpt.com | https://www.experian.com/blogs/ask-experian/best-high-yield-savings-accounts/?utm_source=chatgpt.com | https://fortune.com/article/best-high-yield-savings-accounts/?utm_source=chatgpt.com","https://www.wsj.com/buyside/personal-finance/banking/best-high-yield-savings-account?utm_source=chatgpt.com","","","","",""
